Text,count
на прозрачном фон,6361
на рабочий стол,4554
на белом фон,3463
обои на телефон,3357
картинки для ребёнок,2469
на день рождение,2340
картинка для ребёнок,2067
обои на рабочий,2057
для ребёнок год,1834
свой рука из,1649
инструкция по применение,1429
русский язык класс,1364
ростов на дону,1360
на русский язык,1211
для ребёнок на,1206
что это такое,1144
для девочка год,1096
по русский язык,1093
что делать если,1019
ребёнок на прозрачном,857
картинки для презентации,854
фон для презентации,827
по математике класс,821
на черном фон,785
великой отечественной война,776
свой рука для,774
рисунок для срисовки,697
на английский язык,665
класс окружающий мир,658
рисунок для ребёнок,657
поздравления дн рождение,655
что можно сделать,652
для детского сад,649
для рабочий стол,634
фон для фотошоп,621
краска для волос,604
кадры из фильм,592
картинки для срисовки,580
на короткие ногти,564
фото до после,558
картинки на рабочий,552
на средние волосы,532
английский язык класс,529
показать на карта,520
дн рождение женщине,520
ноты для фортепиано,518
на короткие волосы,512
смотреть онлайн бесплатно,505
окружающий мир класс,500
зв здные война,498
рисунок на тема,496
из что состоять,496
где можно купить,491
биография личная жизнь,488
открытки дн рождение,476
свой рука чертежи,476
бесплатно хороший качество,473
раскраска для ребёнок,473
по английский язык,461
свой рука фото,461
свой рука на,461
леди баг супер,453
прозрачном фон для,451
на карта мир,446
можно сделать из,441
как сделать из,433
фото на ава,427
по окружающему мир,425
второй мировой война,413
на карта россии,411
баг супер кот,408
на длинные волосы,404
дн рождение мужчина,397
мой геройский академия,395
что это значит,395
что быть если,387
на весь экран,385
обои на пк,384
как правильно написать,373
алиса страна чудо,362
из гарри поттера,361
презентация на тема,359
обои на айфон,355
тату на рука,341
класс рабочий тетрадь,340
для что нужный,340
перевод на русский,339
спасибо за внимание,339
гдз по математике,336
сообщение на тема,335
из полимерной глины,335
онлайн бесплатно хороший,331
на каждый день,329
клинок рассекающий демон,326
бумаги свой рука,319
контрольный работа по,319
поздравление дн рождение,309
маникюр на короткие,309
сочинение на тема,309
май литл пони,307
на рном фон,307
заставки на телефон,307
консультация для родитель,307
по применение цена,304
обои для рабочий,302
инструкция по эксплуатации,300
расстояние на машина,299
на телефон для,297
ребёнок дошкольный возраст,297
обои для телефон,296
по охране труд,295
договор купля продажи,289
открытка дн рождение,284
картинки на телефон,282
до после пластики,282
фото из фильм,281
гдз по русский,281
крючок схема описание,278
инструкция по сборке,277
дача свой рука,277
картинки на ава,275
какой должный быть,274
пнг без фон,269
какие документы нужный,269
из бравть старс,268
по биологии класс,268
пнг на прозрачном,266
из тик тока,265
по географии класс,263
рисунок по клеточка,257
где находиться датчик,256
язык класс часть,255
дерево свой рука,253
для полных женщина,253
рука из дерево,251
заставка на телефон,251
для ребёнок распечатать,247
из бумаги свой,246
описание сорт фото,244
что это за,244
сколько км от,244
герой советского союз,243
инструкция на русский,243
крем для лица,242
картинки дн рождение,241
великий из бродячих,239
как избавиться от,237
комсомольск на амур,237
проект на тема,234
раскраски для ребёнок,234
как понять что,232
из подручных материал,232
открытка днем рождение,231
на форд фокус,230
прич ски на,230
поздравление днем рождение,229
выбрать один ответ,229
сделать свой рука,228
картинка для презентации,228
на новый год,226
из бродячих псов,226
бесплатно без регистрации,225
задания для ребёнок,224
это простой слово,221
сузуки гранд витара,221
свой рука схема,218
по алгебре класс,218
область на карта,216
окружающему мир класс,216
для девушка на,215
где находиться номер,211
картинки добрым утром,211
как написать заявление,211
по истории класс,210
на дача свой,208
картинки на тема,208
свой рука домашних,208
слушать онлайн бесплатно,207
гель для душа,207
маска для лица,206
как правильно писать,206
пират карибского море,205
на ава для,205
доклад на тема,204
для ребёнок класс,203
рука из подручных,201
на телефон вертикальный,201
по уход за,201
гта сан андреас,200
для мальчика год,199
класс часть страница,198
ребёнок детский сад,198
картинки на прозрачном,197
на какой высота,197
сад свой рука,197
как приручить дракона,196
купить интернет магазин,195
для ребёнок дошкольный,195
из дерево свой,195
рука домашних условие,195
как правильно установить,195
каталог товар цены,194
из профильной труба,194
класс школа россии,192
сорт фото отзывы,192
для ванной комната,192
на второй этаж,192
скачать мода на,192
раскраски для девочка,192
заставка на рабочий,192
по знак зодиак,192
пнг для фотошоп,191
ребёнок до год,190
день святого валентина,189
здоровый образ жизни,186
официальный сайт цены,185
для срисовки гкие,185
для девочка на,185
на каком расстояние,185
датчик давление масло,184
спица схема описание,184
свой рука пошаговый,184
как правильно сделать,184
для частного дома,183
великий отечественный война,183
что нужно для,183
днем рождение картинки,183
класс русский язык,183
документы нужный для,182
день рождение год,180
установите соответствие между,180
от до год,180
багажник на крыша,177
фото на рабочий,177
карандаш для срисовки,176
на контурной карта,176
образец заявления на,176
скачать бесплатно на,176
доброе утро картинки,175
картинка на прозрачном,173
на обои телефон,173
первой мировой война,172
из нержавеющей стать,171
что можно нарисовать,171
на киа рио,168
рука для ребёнок,167
вид из окна,167
из леди баг,166
из что сделать,166
исполнитель группа музыка,165
группа музыка фото,165
детский сад на,165
фото на белом,164
класс на тема,164
картинка на белом,163
кроссворд на тема,163
для класс по,163
фото хороший качество,162
скачать обои на,162
район на карта,162
для фотошоп на,162
выпускной детский сад,162
тойота ленд крузер,161
по физика класс,161
по технологии класс,160
открытки днем рождение,160
открытки добрым утром,160
памятка для родитель,160
тату для девушка,160
рабочий тетрадь по,159
рисунок карандаш для,158
на самом дело,158
тест на беременность,158
язык класс ладыженский,158
для ребёнок от,157
поздравления днем рождение,157
по литература класс,156
сертификат соответствие на,156
крем для рука,155
где находиться предохранитель,155
фильм смотреть онлайн,155
сколько километр от,155
читать онлайн бесплатно,153
леонардо да винчи,153
сколько стоит билет,153
фон для ребёнок,152
из фикс прайс,151
для тот чтобы,151
леонардо ди каприо,151
на рука для,151
фото для ребёнок,150
для срисовки карандаш,150
кадр из фильм,149
картина по номер,149
официальный сайт каталог,148
торт на день,148
на уаз патриот,148
области официальный сайт,148
день рождение девочка,147
санкт петербург фото,147
фото описание отзывы,147
картинки на белом,146
девушка без лица,146
фото полный рост,146
домашних условие для,146
области на карта,145
из за что,145
обои на компьютер,145
икона божией матери,145
семь смертных грех,145
комикс на русский,144
комната для девочка,144
математика класс часть,144
руководство по эксплуатации,143
из цветной бумаги,143
рука из бумаги,143
очень странные дела,143
как правильно поставить,143
из гофрированной бумаги,142
скачать бесплатно картинки,142
на пульт управление,142
применение цена отзывы,142
рука пошаговый инструкция,141
для вырезания из,141
первый помощь при,140
смешные картинки про,140
форд фокус рестайлинг,140
для мальчиков год,140
схема вышивки крест,139
свой рука выкройки,139
на телефон на,139
для карты желание,139
как сделать чтобы,138
на выпускной класс,138
что можно подарить,137
прич ски для,137
подарок на день,137
черно белый картинка,137
без фон для,137
из бумаги для,137
для мужчина на,137
на берег море,136
на опель астра,136
черно белое фото,136
работа по математике,136
ребёнок год распечатать,136
на выпускной детский,136
до после фото,135
на тёмный волосы,135
вырезания из бумаги,135
ростова на дону,135
фактор влияющие на,135
для ребёнок для,134
мир юрского период,134
оригами из бумаги,134
от что зависеть,134
торт на год,133
где находиться на,133
купить на авито,133
растения против зомби,133
черно белые картинки,132
фотошоп на прозрачном,132
по пожарный безопасность,132
из пластиковых бутылка,131
карандаш для начинающих,131
камера заднего вид,131
магистр дьявольского культ,131
клипарт на прозрачном,130
из бумаги распечатать,130
резьба по дерево,130
на карта москва,130
из гравити фолзти,130
родитель детский сад,130
дн рождение девушке,130
при сахарный диабет,130
на неделя беременность,130
шарм эль шейх,129
дн рождение картинки,129
ниссан альмера классик,129
группе на тема,128
где находиться реле,128
бесплатно на телефон,128
картинка на рабочий,128
для ребёнок картинка,128
для начальной школа,128
вероятность тот что,127
на тема мой,127
весь экран бесплатно,126
идеи для фото,126
из эпоксидной смолы,126
приём на работа,126
по русский класс,125
класс по математике,125
друг от друга,125
дом свой рука,125
для ребёнок детский,125
как доехать от,125
на праздничный стол,124
красивые картинки на,124
сделать из бумаги,124
на телефон эстетика,124
спокойной ночь малыш,123
фото для презентации,123
гдз по алгебре,123
находиться номер двигатель,123
корм для кошка,122
для ребёнок по,122
для ребёнок картинки,122
ответ на вопрос,121
плитка для ванной,121
класс учебник часть,121
при какой температура,121
для родитель детский,121
написать заявление на,121
на рено логан,120
за что отвечать,119
для печати на,119
на немецкий язык,119
день защита ребёнок,119
рабочий стол красивые,119
большие на весь,119
фото на обои,119
поэтапно для начинающих,119
памятник на могила,119
спб спб спб,119
телефон высокий качество,118
край на карта,118
всё серия подряд,118
свой рука видео,118
второй половина век,118
на телефон высокий,117
чехол для телефон,117
сколько по время,117
на кухня фото,117
из что делать,117
на рисунок изобразить,117
москва официальный сайт,116
рабочий стол на,116
днем рождение мужчина,116
как правильно писаться,116
юри на лёд,116
рабочий тетрадь часть,116
для презентации по,116
купить нижний новгород,115
язык класс учебник,115
дизайн ванной комната,114
рисунок для скетчбука,114
стена свой рука,114
корм для собака,114
уход домашних условие,113
работа по тема,113
на свадьба для,113
дом из брус,113
хороший качество на,113
высота птичьего полёт,112
картон свой рука,112
отключение горячей вода,112
фото описание сорт,112
раскраски для мальчиков,111
слепить из пластилин,111
на рабочем место,110
на татарском язык,110
герой меч магии,110
славянск на кубани,110
на одном лист,110
чемпионат мир по,110
свой рука пошагово,110
рено сандеро степвей,110
фартук для кухня,110
шкода октавия тур,109
тату на плечо,109
игры для ребёнок,109
мастер класс по,109
как доехать до,109
одежда для женщина,109
что должно быть,109
из холодного сердце,109
по химии класс,109
санкт петербург официальный,109
ручки ручки ручки,109
найти значение выражения,108
для самый маленьких,108
для внутренней отделки,108
лак для ноготь,108
ответы на вопросы,108
для женщина после,108
для девочка подросток,108
для подросток девочка,108
что мочь быть,108
картинки днем рождение,108
оказание первой помощи,108
номер двигатель на,108
по развитие речи,108
по геометрии класс,108
монстр на каникулы,108
на ава вк,107
уход за ребёнок,107
на сегодняшний день,107
для презентации на,107
на длинные ногти,107
картинки для печати,107
как правильно подключить,107
класс по русский,106
кадры из аниме,106
из картон свой,106
бу на авито,106
москва на карта,106
рождение женщине красивые,105
это что такое,105
тату на спина,105
для реб нка,105
для читательского дневник,105
сушилка для бельё,105
год великой отечественной,104
планета солнечный система,104
как должный выглядеть,104
иметь ли право,104
торт для девочка,104
погода на неделя,104
для родитель по,104
платье на выпускной,104
не мочь быть,104
красивые большие на,104
очень приятно бог,104
из соленого тест,103
хендай санта фе,103
где на карта,103
ленд крузер прадо,103
санкт петербург на,103
детский сад свой,103
на последний звонок,103
проект по технологии,102
как правильно ставить,102
на организм человек,102
рисунок на стена,102
по немецкому язык,102
из бисер схема,102
зарядное устройство для,102
ворлд оф танк,102
задания для дошкольник,102
гдз по английский,102
как можно сделать,101
дн рождение год,101
цена отзывы аналоги,101
для зимней рыбалки,101
стиль хай течь,101
картины по номер,100
для ребёнок из,100
фон для рабочий,100
для ребёнок раскраска,100
как слепить из,100
на телефон бесплатно,100
лего зв здные,100
один или несколько,100
свой рука мастер,99
кормушка для птица,99
картинки черно белые,99
рождение девочка год,99
старый против сила,99
против сила зло,99
картинки скачать бесплатно,99
день рождение стиль,99
семья любви верности,99
красивый фон для,99
телефон для подросток,98
крючок для начинающих,98
рабочий стол для,98
на красной площади,98
часть страница номер,98
сахарный диабет тип,98
что можно написать,98
эвер афтер хай,98
фото название описание,98
рука мастер класс,97
прайс лист на,97
как сделать свой,97
температура охлаждающей жидкость,97
картинки из мультик,97
ландшафтном дизайн фото,97
моменты из аниме,97
литературное чтение класс,97
жена ребёнок фото,97
петербург официальный сайт,97
труба свой рука,96
живые обои на,96
фон на рабочий,96
на тема космос,96
комната для подросток,96
фильтр для вода,96
зел ном фон,96
на заставка телефон,96
кунг фу панда,96
гараж свой рука,95
черно белый рисунок,95
схема блок питание,95
блок питание на,95
полный рост на,95
дизайн ноготь на,95
реб нка год,95
блеск для губа,95
домашних условие фото,95
дома свой рука,95
где стоит датчик,95
первый мировой война,95
что где когда,95
выход на пенсия,94
ребёнок на белом,94
что означать имя,94
на стена свой,94
математике класс мерзляк,94
до после похудения,94
вышивка крест схема,94
стол свой рука,94
утро хороший день,94
повязка на голова,94
скучать по ты,94
скрины из аниме,93
мочь ли быть,93
блок питание для,93
за то что,93
на рено дастер,93
меню на неделя,93
спица для женщина,93
иконы божией матери,93
на зеленом фон,92
техника безопасность при,92
из ну погодить,92
по собственному желание,92
на темном фон,92
на зел ном,92
мвд россии по,92
день рождение для,92
веста св кросс,92
из искусственный камень,92
для стиральной машины,92
стихи для ребёнок,92
из газетных трубочка,92
для мытьё посуды,92
пенка для умывания,91
как сделать так,91
год детский сад,91
через какое время,91
дн рождение девочка,91
мир класс часть,91
рождение свой рука,91
стоит билет на,91
как быть выглядеть,91
из аниме наруто,90
герой великой отечественной,90
сделать так чтобы,90
девочка год на,90
чтобы не быть,90
ткани свой рука,90
белом фон для,90
по номер телефон,90
на экран блокировки,90
на ранних срок,90
парк юрского период,90
ребёнок свой рука,90
время великой отечественной,89
красивые обои на,89
как добраться от,89
по применение для,89
купить москва недорого,89
лестница на второй,89
что сделать из,89
фольксваген поло седан,89
аниме обои на,89
для кухня из,89
рабочий тетрадь страница,88
от москва до,88
скачать картинки на,88
машинка для стрижки,88
какие мышцы работать,88
на дачный участок,88
на телефон андроид,88
одежда для девушка,88
шкаф для одежда,88
мой шумный дом,88
зеркало заднего вид,88
сочинение по картина,88
что можно приготовить,87
из красной книги,87
рецепт фото пошагово,87
класс страница номер,87
что означать слово,87
прикольный картинки про,87
личная жизнь жена,87
из дерево для,87
рабочий тетрадь класс,87
приглашение на день,87
заставки на рабочий,87
класс часть учебник,87
авария на трасса,87
храм христос спаситель,87
личная жизнь ребёнок,87
как красиво оформить,87
анимация на прозрачном,87
герой наш время,86
дн рождение для,86
позы для рисование,86
датчик температура охлаждающей,86
класс часть стр,86
класс литературное чтение,86
акт ры фильм,86
театр опера балет,86
обои на ноутбук,86
возврат денежный средство,86
платье для девочка,86
сделать из лего,86
от стиральной машины,86
волшебник изумрудного город,86
работа по русский,86
краски для волос,85
по математике для,85
кухня свой рука,85
находиться на карта,85
правильно написать заявление,85
год день рождение,85
за последний год,85
стол красивые большие,85
днем рождение женщине,85
животное для ребёнок,85
карандаш для ребёнок,85
тату на ноге,85
карандаш поэтапно для,85
маска для волос,85
ремень генератор на,85
из пластиковой бутылки,84
погода на завтра,84
для женщина год,84
из фетр свой,84
мода на фс,84
поделки свой рука,84
из звездных война,84
как правильно заполнить,84
картинка без фон,84
черно белые фото,84
частном дом фото,84
датсун он до,84
как сейчас выглядеть,84
из натуральной кожа,84
второй младшей группе,84
язык класс рабочий,83
на английский для,83
днем рождение для,83
тушь для ресница,83
как добраться до,83
рабочий стол аниме,83
хонда цивик далее,83
россии на карта,82
можно ли пить,82
бесплатно на русский,82
картинка дн рождение,82
женщина после год,82
как называться фильм,82
картинки для раскрашивания,82
до нашей эра,82
для начинающих пошагово,82
расход топливо на,82
фартук на кухня,82
свой рука детский,82
форд фокус хэтчбек,82
сериал смотреть онлайн,82
картинки спокойной ночь,82
печь для бани,82
на тема как,82
крем для нога,81
фетр свой рука,81
для личного дневник,81
февраль свой рука,81
для срисовки легкие,81
станок по дерево,81
для поднятие настроения,81
скачать бесплатно фото,81
домашних условие на,81
из мортал комбат,81
удивительный мир гамбола,81
схема для вышивки,81
красивые картинки для,81
день рождение свой,81
датчик уровень топливо,81
рука для начинающих,81
для ребенка год,81
на шевроле круз,81
картинки из фильм,80
скачать бесплатно без,80
картинки без фон,80
ребёнок от год,80
рамка для фото,80
без макияж фотошоп,80
ответить на вопрос,80
дом на колесо,80
где можно найти,80
по информатике класс,80
сказка царь салтане,80
тату на запястье,80
вид на море,80
митсубиси паджеро спорт,80
прозрачном фон картинки,80
на шевроле лачетти,80
на карта город,80
из природный материал,80
ноты для гитары,79
игра на пк,79
из что можно,79
про то как,79
чехол на айфон,79
как самому сделать,79
фотки на ава,79
на большой палец,79
класс мерзляк номер,79
ст ук рф,79
как вести себя,79
из подручных средство,79
история россии класс,79
показать на рисунок,79
бумаги для ребёнок,79
на годовщина свадьба,79
из геометрический фигура,79
схема вязание крючок,79
раскраска для девочка,78
фильм акт ры,78
на год девочка,78
официальный сайт меню,78
английский для ребёнок,78
как определить размер,78
премия муз тв,78
спокойной ночь картинки,78
сериал акт ры,78
английский язык перевод,78
картинка черно белый,78
код по мкб,78
правила дорожный движение,78
как выйти из,78
купить леруа мерлен,78
фото высокий разрешение,78
джек рассел терьер,78
чем отличаться от,77
как написать письмо,77
из бумаги шаблоны,77
год совместной жизни,77
район официальный сайт,77
москва московской области,77
россии по футбол,77
год свой рука,77
на телефон красивые,77
по английский класс,77
для ребёнок свой,77
доброе утро хороший,77
как правильно оформить,76
для тик тока,76
как снять задний,76
каком год быть,76
набор для вышивания,76
найти вероятность тот,76
за внимание для,76
детский сад для,76
какое масло заливать,76
лада веста св,76
день рождение на,76
нижний новгород фото,76
обои для стена,76
браслет на рука,76
акт приём передача,76
день семья любви,76
торт для мальчика,76
брошь из бисер,76
хороший качество бесплатно,75
лабораторный работа по,75
английский язык для,75
работа по физика,75
на кол сах,75
на рука мужской,75
платья для девочка,75
дом из бревна,75
на украинском язык,75
рабочий стол телефон,75
годовщина свадьба год,75
шапка для ютуба,75
от первого лица,75
днем рождение от,75
как узнать что,75
после тот как,75
рисунок черно белый,75
рука детский сад,75
из бросового материал,75
как правильно делать,75
девушка на рука,75
за весь история,75
выращивание из семя,75
по музыке класс,74
рабочий тетрадь стр,74
собака свой рука,74
на железной дороге,74
поделки из бумаги,74
из дерево на,74
задания по математике,74
для дошкольник год,74
из слоеного тест,74
что можно есть,74
акт ры сериал,74
как на айфон,74
выбрать один или,74
для срисовки для,74
четв ртый класс,74
на лобовое стекло,74
на стена для,74
для дача свой,74
практический работа по,73
информация для родитель,73
уход открытом грунт,73
старый новый год,73
через сбербанк онлайн,73
телефон для девочка,72
сколько страница книга,72
сколько быть стоить,72
фото скачать бесплатно,72
как сделать на,72
на дача фото,72
домашних условие без,72
свадьба свой рука,72
ребёнок ранний возраст,72
как узнать номер,72
на телефон самсунг,72
на английский перевод,72
масло для волос,72
картинки на заставка,72
на тойота королл,72
москва слеза не,72
слеза не верить,72
акт ры роль,72
по клеточка тетради,72
для маленькой кухня,72
март свой рука,72
датчик холостого ход,71
на киа спортейдж,71
не знать что,71
джип гранд чероки,71
для срисовки скетчбук,71
из тетради смерть,71
как правильно составить,71
как ухаживать за,71
для натяжных потолок,71
для стрижки волос,71
скачать на андроид,71
тату для мужчина,71
на пластиковый окна,71
или несколько ответ,71
на панели прибор,71
гиф на прозрачном,71
нормативный правовой акт,71
сталкер зов припяти,71
фон для сторис,71
часть страница упражнение,71
рука для девушка,71
для актуального инстаграм,70
без лица на,70
где находиться улица,70
фото на аватарку,70
рамка для текст,70
проект по окружающему,70
забор из профнастила,70
ребёнок год детский,70
купить санкт петербург,70
на ниву шевроле,70
внимание для презентации,70
реферат на тема,70
картинки для карты,70
комната свой рука,70
американский история ужас,70
от точка до,70
платье на свадьба,70
на год мальчик,70
описание для ребёнок,70
что делать когда,70
подарок на февраль,70
на уаз буханка,70
выписка из роддома,70
класс страница упражнение,70
игра для ребёнок,69
на рено меган,69
тумба под телевизор,69
сборная россии по,69
по дата рождение,69
класс по окружающему,69
год для девочка,69
картинка днем рождение,69
днем рождение год,69
можно ли поставить,69
человечек для презентации,69
посадка уход открытом,69
текст на русский,69
картинки доброе утро,69
иван василиевич менять,69
милли бобби браун,69
налог на прибыль,69
приглашение на свадьба,69
язык класс страница,69
из кс го,69
