Text_proc,id_img
жулебино парк купить квартира,5395038
рулет из брюшины свинины вареный,5810495
как посолить сало брюшной часть,5810495
в стерлитамак найти труп год мужчина,115404
как делать рулет из свиной брюшины,1600491
девочка год упасть с этаж г стерлитамак,1600491
новости стерлитамак про девочка погибшую упавшая с го этаж вчера,5827481
какое блюдо можно приготовить с пузанины свинины,5827481
смерть карины ямапаситовой с этаж стерлитамак,4874310
устройство контроль массаж сердце,4874310
как правильно писаться расчётный ведомость с ночными и праздничный день,152173
расчётный ведомость отпускных рк,152173
сдельный заработный плата ведомость начисление,3283012
фотосессия с крыло ангела,3283012
варкрафт фильм орк женщина,2657494
устройство контроль качество проведение непрямого массаж сердце,2657494
в каких число дополнительный ведомость в дтсзна,2657494
расчётный ведомость к счетам фактура за гвс,2657494
аппарат помощник реаниматора купить,4659756
девушка ангел фотосессия в боди,4659756
студийный фотосессия девушка ангел,4659756
фотосессия с крыло ангела фотостудии в тула,4659756
фотосессия с крыльямт белый,4659756
как привязать виноградные лозы,6233397
как завязать виноград летом,5537124
теракт тошкент ислом каримов,5537124
мемы про проджэкт замбоид,340040
церматт швейцария горнолыжный курорт,228169
тирамису в стакан с клубника,5304173
как украсить десерт тирамису в стакан,5304173
тирамису в стаканчик с клубника,5304173
дисерт в стакан клубничный,5304173
тирамису украшенный клубника в стаканчик,5304173
платежный календарь в шаблон скачать,5115693
платежный календарь простой для бюджетной организации пример,5115693
карта варениковского сельский поселения,5308234
можно ли совмещать прием соды с перекись и настойка болиголов,3604731
павел оздоба целитель таблетки и перекись можно или нет,3604731
буква а большая и маленький,3604731
раскраска буква а большая и маленький,3604731
раскраска с маленькой буква а,3604731
буква а большая и маленький распечатать,5854614
воскресенка волжский район пзз,5854614
буквы а о у и раскраска,5854614
платежный календарь в скачать бесплатно,5854614
поздравления с схождение благодатного огонь,5854614
карта градостроительного зонирование поселения волжский красноярского район,4641144
огонь сойти картинки благодатный поздравления,4641144
поздравление с схождение благодатного огонь,4641144
гпзу красноярского район самарской области,4641144
с схождение благодатного огонь поздравления,4641144
можно ли лечить собака тилетней с парвовирусом с сода пищевой и с перикесим водород,3617624
как сода уменьшить свойства перекиси водород,3617624
с схождение благодатного огонь поздравление,3617624
от насморк сода и перекись неумывакина видео,3617624
каким семья выделять с помощь в самарской обл хворостнском роне,3617624
книфофия гибридный бенгал фаер,5054007
мужчина у женщины вмегда в ч м то виноватый статусы с юмор,6241306
научный отмазка гуляющего мужа,6241306
у мужчина всегда есть пять отмазка я же по дружески,6241306
у мужчина всегда отмазка,6241306
жена байдена возраст и фото,4844884
макс корж горы по колено ноты для синтезатор,4844884
вспоминать меня корж ноты,4844884
жена байдена возраст и фото сейчас,5067749
ноты для фортепиано корж,5067749
джилл байден горячие фото,5067749
ноты макс корж шантаж для пианино полностью весь песня,5067749
эндорфин на пианино ноты,5067749
нефросан форте сколько стоит,816421
лилии фото цветов в сад,816421
лилии в сад фото,2761200
сколько стоит таблетки нефросан,2761200
лилия в сад фото,2761200
как разрастаться лилии садовые,2761200
лилии в сад на дача,2761200
рассвет и птица в сад фото,1850289
какие животное бывать в яблоневом сад,1850289
сохранение родного чувашского язык нурлатском район,6088188
на каком язык говорить в чувашия,6088188
рис проблемы ведение бизнес с россия,2763136
роблоксвозьмите на себя содор глава главный линия,1872611
основные проблемы торговля российский партнера с зарубежным,1872611
томас и его друг,1872611
с какой проблема связать ведение бизнес,1872611
томас и его друг класс,1872611
митоз мейоз таблица для егэ,3237942
мейоз схема и описание фаза,3237942
мейоз схема по фаза,3237942
схема митоз и мейоз с описание,3237942
стадии мейоз в картинка,3237942
с мамадыш до омский область корсино сколь км,2605951
татарстан заправка чишмы между казань и муслюмово,2605951
расстояние от азнакаево до муслюмово,2605951
биос не видеть жесткий диск,2209007
новый журнал по кварцеванию в доу,745068
как заполнить журнал кварцевания в экг каб,745068
как заполнять журеал для кварцевания,745068
дмитриев виктор вшэ москва аспирантура,745068
вшэ операционный риск пеникас,3825769
журнал кварцевания в детский сад образец по санпин,3825769
как заделать заговор чтобы вернуть человек к себя,3825769
как отвести от себя беда и болезнь с помощь семя,3825769
что сделать чтобы твои вещи не трогать магия,3825769
день влюбленных шаблоны скачать бесплатно,123327
дмитриев виктор вшэ москва аспирантура достижения и успехи в учение,123327
обложка к день влюбленных в детский сад презентация,123327
лаборатория динамический система и приложение ниу вшэ,4713656
литвинов михаил юриевич бстм,4713656
литвинов михаил юриевич бстм фото,4713656
генерал литвинов михаил юриевич,4713656
литвинов михаил юриевич фсб,4713656
что сказать в время увольнение на удача себя,3006880
молитва о удачном возвращение домой другой человек,3006880
открытка с днем влюбленных ромка мой,3006880
генерал лейтенант литвинов михаил юриевич,3006880
шаблоны для фотошоп к день влюбленных,3006880
